{ "frames": {
   "castles.png": {
    "frame": { "x": 0, "y": 0, "w": 128, "h": 96 },
    "rotated": false,
    "trimmed": false,
    "spriteSourceSize": { "x": 0, "y": 0, "w": 128, "h": 96 },
    "sourceSize": { "w": 128, "h": 96 },
    "duration": 100
   }
 },
 "meta": {
  "app": "http://www.aseprite.org/",
  "version": "1.1.8-dev",
  "image": "/home/furkan/Documents/Projects/metroidvania/assets/img/castles-sheet.png",
  "format": "RGBA8888",
  "size": { "w": 128, "h": 96 },
  "scale": "1",
  "frameTags": [
  ],
  "layers": [
   { "name": "Layer", "opacity": 255, "blendMode": "normal" }
  ]
 }
}
