{ "frames": {
   "1": {
    "frame": { "x": 0, "y": 0, "w": 48, "h": 128 },
    "rotated": false,
    "trimmed": false,
    "spriteSourceSize": { "x": 0, "y": 0, "w": 48, "h": 128 },
    "sourceSize": { "w": 48, "h": 128 },
    "duration": 100
   },
   "2": {
    "frame": { "x": 48, "y": 0, "w": 48, "h": 128 },
    "rotated": false,
    "trimmed": false,
    "spriteSourceSize": { "x": 0, "y": 0, "w": 48, "h": 128 },
    "sourceSize": { "w": 48, "h": 128 },
    "duration": 100
   },
   "3": {
    "frame": { "x": 96, "y": 0, "w": 48, "h": 128 },
    "rotated": false,
    "trimmed": false,
    "spriteSourceSize": { "x": 0, "y": 0, "w": 48, "h": 128 },
    "sourceSize": { "w": 48, "h": 128 },
    "duration": 100
   },
   "4": {
    "frame": { "x": 144, "y": 0, "w": 48, "h": 128 },
    "rotated": false,
    "trimmed": false,
    "spriteSourceSize": { "x": 0, "y": 0, "w": 48, "h": 128 },
    "sourceSize": { "w": 48, "h": 128 },
    "duration": 100
   },
   "5": {
    "frame": { "x": 192, "y": 0, "w": 48, "h": 128 },
    "rotated": false,
    "trimmed": false,
    "spriteSourceSize": { "x": 0, "y": 0, "w": 48, "h": 128 },
    "sourceSize": { "w": 48, "h": 128 },
    "duration": 100
   }
 },
 "meta": {
  "app": "http://www.aseprite.org/",
  "version": "1.1.8-dev",
  "image": "/home/furkan/Documents/Projects/metroidvania/assets/img/smokeEdgeSingle.png",
  "format": "RGBA8888",
  "size": { "w": 240, "h": 128 },
  "scale": "1",
  "frameTags": [
  ],
  "layers": [
   { "name": "Layer 1", "opacity": 255, "blendMode": "normal" }
  ]
 }
}
